{
	"plane1": {
		"x" : [-6.17475700378418, 3.4963200092315674],
		"z" : [-4.780823612213135, 4.780823612213135],
		"y" : [1]
	},
	"plane2": {
		"x" : [-6.17475700378418, 3.4963200092315674],
		"z" : [-204.780823612213135, -195.21917638778686],
		"y" : [1]
	},
	"plane3": {
		"x" : [-6.17475700378418, 3.4963200092315674],
		"z" : [195.21917638778686, 204.780823612213135],
		"y" : [1]
	}

}