{
	"plane1": {
		"x" : [-6.17475700378418, 3.4963200092315674],
		"z" : [-4.780823612213135, 4.780823612213135],
		"y" : [1]
	},
	"plane2": {
		"x" : [-6.17475700378418, 3.4963200092315674],
		"z" : [-204.780823612213135, -195.21917638778686],
		"y" : [1]
	},
	"plane3": {
		"x" : [-6.17475700378418, 3.4963200092315674],
		"z" : [195.21917638778686, 204.780823612213135],
		"y" : [1]
	},
	"platform1" : {
		"x" : [0.5451900959014893, 1.4617522954940796],
		"z" : [0.542106032371521,  1.50],
		"y" : [1.188]
	},
	"platform2" : {
		"x" : [0.5451900959014893, 1.4617522954940796],
		"z" : [1.7508233785629272,  2.6281397342681885],
		"y" : [1.5]
	},
	"platform3" : {
		"x" : [1.166831374168396, 2.0417721271514893],
		"z" : [203.54156494140625,  204.4160614013672],
		"y" : [1.6]
	}


}